{"cameraMode":{"drawMode":0,"name":"Shaded","section":"Shading Mode"},"sceneLighting":true,"audioPlay":false,"sceneViewState":{"m_AlwaysRefresh":false,"showFog":true,"showSkybox":true,"showFlares":true,"showImageEffects":true,"showParticleSystems":true,"showVisualEffectGraphs":true,"m_FxEnabled":true},"in2DMode":false,"pivot":{"x":0.6151657104492188,"y":-13.626365661621094,"z":3.1938793659210207},"rotation":{"x":0.40427184104919436,"y":0.5756078958511353,"z":-0.39278799295425417,"w":0.5924285054206848},"size":30.408580780029298,"orthographic":false}